archivo,versiones,fecha,igual,historial
/home/braudesdev/Documentos/practicasAngular/invitaciones-app/.gitignore,2,2026-07-16 01:46:45,False,/home/braudesdev/.config/Code/User/History/-19c84132/A6Cu
/home/braudesdev/Documentos/practicasAngular/invitaciones-app/angular.json,10,2026-07-16 00:12:47,False,/home/braudesdev/.config/Code/User/History/7b13d28c/pVJX.json
/home/braudesdev/Documentos/practicasAngular/invitaciones-app/cors.json,1,2026-07-11 01:00:10,False,/home/braudesdev/.config/Code/User/History/646bf471/212z.json
/home/braudesdev/Documentos/practicasAngular/invitaciones-app/src/app/app.config.ts,5,2026-07-12 23:39:57,False,/home/braudesdev/.config/Code/User/History/7348902d/CYJK.ts
/home/braudesdev/Documentos/practicasAngular/invitaciones-app/src/app/app.html,1,2026-05-07 13:22:46,True,/home/braudesdev/.config/Code/User/History/-61d35917/E4Wj.html
/home/braudesdev/Documentos/practicasAngular/invitaciones-app/src/app/app.routes.ts,11,2026-07-13 00:09:02,False,/home/braudesdev/.config/Code/User/History/-52b860db/0IKb.ts
/home/braudesdev/Documentos/practicasAngular/invitaciones-app/src/app/app.ts,3,2026-07-13 00:02:51,False,/home/braudesdev/.config/Code/User/History/5236653d/WHes.ts
/home/braudesdev/Documentos/practicasAngular/invitaciones-app/src/app/components/anfitrion-dashboard/anfitrion-dashboard.component.css,6,2026-06-03 23:58:48,False,/home/braudesdev/.config/Code/User/History/-10bd291/e3pR.css
/home/braudesdev/Documentos/practicasAngular/invitaciones-app/src/app/components/anfitrion-dashboard/anfitrion-dashboard.component.html,18,2026-07-13 00:42:42,False,/home/braudesdev/.config/Code/User/History/-206c3641/b8MV.html
/home/braudesdev/Documentos/practicasAngular/invitaciones-app/src/app/components/anfitrion-dashboard/anfitrion-dashboard.component.ts,19,2026-06-03 23:57:21,False,/home/braudesdev/.config/Code/User/History/73944593/XghF.ts
/home/braudesdev/Documentos/practicasAngular/invitaciones-app/src/app/components/anfitrion-login/anfitrion-login.component.html,3,2026-07-12 23:20:28,False,/home/braudesdev/.config/Code/User/History/-72a4d2b/joKs.html
/home/braudesdev/Documentos/practicasAngular/invitaciones-app/src/app/components/anfitrion-login/anfitrion-login.component.ts,1,2026-05-29 23:14:35,True,/home/braudesdev/.config/Code/User/History/25497c29/YXuk.ts
/home/braudesdev/Documentos/practicasAngular/invitaciones-app/src/app/components/invitaciones/formulario-invitacion/formulario-invitacion.component.css,5,2026-07-11 00:41:40,False,/home/braudesdev/.config/Code/User/History/22a06b30/0FPR.css
/home/braudesdev/Documentos/practicasAngular/invitaciones-app/src/app/components/invitaciones/formulario-invitacion/formulario-invitacion.component.html,37,2026-07-15 23:26:19,False,/home/braudesdev/.config/Code/User/History/316f441e/ko1l.html
/home/braudesdev/Documentos/practicasAngular/invitaciones-app/src/app/components/invitaciones/formulario-invitacion/formulario-invitacion.component.ts,47,2026-07-15 23:27:20,False,/home/braudesdev/.config/Code/User/History/6c78cbb2/pnUX.ts
/home/braudesdev/Documentos/practicasAngular/invitaciones-app/src/app/components/invitaciones/invitacion-generica/invitacion-generica.component.css,2,2026-06-04 21:24:01,True,/home/braudesdev/.config/Code/User/History/-f1c9c0/4zpn.css
/home/braudesdev/Documentos/practicasAngular/invitaciones-app/src/app/components/invitaciones/invitacion-generica/invitacion-generica.component.html,20,2026-07-15 00:28:31,False,/home/braudesdev/.config/Code/User/History/-1d4524f2/3OKe.html
/home/braudesdev/Documentos/practicasAngular/invitaciones-app/src/app/components/invitaciones/invitacion-generica/invitacion-generica.component.ts,3,2026-05-07 15:07:47,True,/home/braudesdev/.config/Code/User/History/-6b62a15e/CFnn.ts
/home/braudesdev/Documentos/practicasAngular/invitaciones-app/src/app/components/invitaciones/invitacion-generica/sections/ceremonia-section/ceremonia-section.component.css,22,2026-07-14 00:41:57,False,/home/braudesdev/.config/Code/User/History/-2797cad/UziZ.css
/home/braudesdev/Documentos/practicasAngular/invitaciones-app/src/app/components/invitaciones/invitacion-generica/sections/ceremonia-section/ceremonia-section.component.html,18,2026-07-15 00:23:24,False,/home/braudesdev/.config/Code/User/History/-4cb3cfa5/yn4k.html
/home/braudesdev/Documentos/practicasAngular/invitaciones-app/src/app/components/invitaciones/invitacion-generica/sections/ceremonia-section/ceremonia-section.component.ts,6,2026-07-15 01:51:34,False,/home/braudesdev/.config/Code/User/History/82da32f/u167.ts
/home/braudesdev/Documentos/practicasAngular/invitaciones-app/src/app/components/invitaciones/invitacion-generica/sections/confirmacion-section/confirmacion-section.component.css,2,2026-07-13 22:56:15,False,/home/braudesdev/.config/Code/User/History/1c456a43/86CK.css
/home/braudesdev/Documentos/practicasAngular/invitaciones-app/src/app/components/invitaciones/invitacion-generica/sections/confirmacion-section/confirmacion-section.component.html,5,2026-07-13 21:57:31,False,/home/braudesdev/.config/Code/User/History/6c6a276b/Spdb.html
/home/braudesdev/Documentos/practicasAngular/invitaciones-app/src/app/components/invitaciones/invitacion-generica/sections/confirmacion-section/confirmacion-section.component.ts,3,2026-07-13 10:39:02,False,/home/braudesdev/.config/Code/User/History/537e1e3f/67xQ.ts
/home/braudesdev/Documentos/practicasAngular/invitaciones-app/src/app/components/invitaciones/invitacion-generica/sections/dresscode-section/dresscode-section.component.css,1,2026-05-07 14:47:52,True,/home/braudesdev/.config/Code/User/History/-44257a83/xhXe.css
/home/braudesdev/Documentos/practicasAngular/invitaciones-app/src/app/components/invitaciones/invitacion-generica/sections/dresscode-section/dresscode-section.component.html,1,2026-05-07 14:47:15,True,/home/braudesdev/.config/Code/User/History/-40878c8f/AUvp.html
/home/braudesdev/Documentos/practicasAngular/invitaciones-app/src/app/components/invitaciones/invitacion-generica/sections/dresscode-section/dresscode-section.component.ts,1,2026-05-07 14:48:35,True,/home/braudesdev/.config/Code/User/History/379bb3c5/QnZO.ts
/home/braudesdev/Documentos/practicasAngular/invitaciones-app/src/app/components/invitaciones/invitacion-generica/sections/hero-section/hero-section.component.css,13,2026-06-04 22:12:17,False,/home/braudesdev/.config/Code/User/History/79d3abc3/rdbx.css
/home/braudesdev/Documentos/practicasAngular/invitaciones-app/src/app/components/invitaciones/invitacion-generica/sections/hero-section/hero-section.component.html,1,2026-06-03 23:23:04,False,/home/braudesdev/.config/Code/User/History/-3f5bea15/PNYo.html
/home/braudesdev/Documentos/practicasAngular/invitaciones-app/src/app/components/invitaciones/invitacion-generica/sections/invitacion-valida-section/invitacion-valida-section.component.css,23,2026-06-05 00:39:40,False,/home/braudesdev/.config/Code/User/History/-63e5803b/Q1Lq.css
/home/braudesdev/Documentos/practicasAngular/invitaciones-app/src/app/components/invitaciones/invitacion-generica/sections/invitacion-valida-section/invitacion-valida-section.component.html,3,2026-07-13 23:43:29,False,/home/braudesdev/.config/Code/User/History/-18c83dd7/abIz.html
/home/braudesdev/Documentos/practicasAngular/invitaciones-app/src/app/components/invitaciones/invitacion-generica/sections/invitacion-valida-section/invitacion-valida-section.component.ts,2,2026-05-08 02:26:14,True,/home/braudesdev/.config/Code/User/History/1dcf507d/Syo4.ts
/home/braudesdev/Documentos/practicasAngular/invitaciones-app/src/app/components/invitaciones/invitacion-generica/sections/nos-casamos-section/nos-casamos-section.component.css,18,2026-07-13 23:06:59,False,/home/braudesdev/.config/Code/User/History/-52257237/bZ9m.css
/home/braudesdev/Documentos/practicasAngular/invitaciones-app/src/app/components/invitaciones/invitacion-generica/sections/nos-casamos-section/nos-casamos-section.component.html,12,2026-07-14 00:28:59,False,/home/braudesdev/.config/Code/User/History/d7974a5/hrex.html
/home/braudesdev/Documentos/practicasAngular/invitaciones-app/src/app/components/invitaciones/invitacion-generica/sections/nos-casamos-section/nos-casamos-section.component.ts,6,2026-07-13 23:07:24,False,/home/braudesdev/.config/Code/User/History/-1b6c8e07/2qbN.ts
/home/braudesdev/Documentos/practicasAngular/invitaciones-app/src/app/components/invitaciones/invitacion-generica/sections/padres-section/padres-section.component.css,26,2026-07-15 23:13:49,False,/home/braudesdev/.config/Code/User/History/68727c23/cC5v.css
/home/braudesdev/Documentos/practicasAngular/invitaciones-app/src/app/components/invitaciones/invitacion-generica/sections/padres-section/padres-section.component.html,8,2026-07-15 01:24:00,False,/home/braudesdev/.config/Code/User/History/-5a20ae75/s9cI.html
/home/braudesdev/Documentos/practicasAngular/invitaciones-app/src/app/components/invitaciones/invitacion-generica/sections/padres-section/padres-section.component.ts,5,2026-07-15 23:46:51,False,/home/braudesdev/.config/Code/User/History/6677505f/17kx.ts
/home/braudesdev/Documentos/practicasAngular/invitaciones-app/src/app/components/invitaciones/invitacion-generica/sections/padrinos-section/padrinos-section.component.css,34,2026-07-16 01:32:08,False,/home/braudesdev/.config/Code/User/History/24ad0303/9VZR.css
/home/braudesdev/Documentos/practicasAngular/invitaciones-app/src/app/components/invitaciones/invitacion-generica/sections/padrinos-section/padrinos-section.component.html,11,2026-07-16 00:53:44,False,/home/braudesdev/.config/Code/User/History/70f5a6ab/UFVi.html
/home/braudesdev/Documentos/practicasAngular/invitaciones-app/src/app/components/invitaciones/invitacion-generica/sections/padrinos-section/padrinos-section.component.ts,33,2026-07-16 01:32:48,False,/home/braudesdev/.config/Code/User/History/-389f9281/mODX.ts
/home/braudesdev/Documentos/practicasAngular/invitaciones-app/src/app/components/invitaciones/invitacion-generica/sections/recepcion-section/recepcion-section.component.css,3,2026-07-15 00:25:17,False,/home/braudesdev/.config/Code/User/History/12cb2c35/N2bY.css
/home/braudesdev/Documentos/practicasAngular/invitaciones-app/src/app/components/invitaciones/invitacion-generica/sections/recepcion-section/recepcion-section.component.html,3,2026-07-15 00:35:51,False,/home/braudesdev/.config/Code/User/History/469ca3b9/U9qe.html
/home/braudesdev/Documentos/practicasAngular/invitaciones-app/src/app/components/invitaciones/invitacion-generica/sections/recepcion-section/recepcion-section.component.ts,2,2026-07-15 00:25:45,False,/home/braudesdev/.config/Code/User/History/111f560d/tFgi.ts
/home/braudesdev/Documentos/practicasAngular/invitaciones-app/src/app/components/invitaciones/invitaciones.component.ts,1,2026-05-07 15:57:15,True,/home/braudesdev/.config/Code/User/History/19868497/rfVQ.ts
/home/braudesdev/Documentos/practicasAngular/invitaciones-app/src/app/components/landing/landing.component.html,1,2026-05-29 23:10:02,True,/home/braudesdev/.config/Code/User/History/-dd319ad/3sFA.html
/home/braudesdev/Documentos/practicasAngular/invitaciones-app/src/app/components/recuperar-password/recuperar-password.component.html,1,2026-07-12 23:23:23,False,/home/braudesdev/.config/Code/User/History/76c26c63/gsP4.html
/home/braudesdev/Documentos/practicasAngular/invitaciones-app/src/app/components/recuperar-password/recuperar-password.component.ts,1,2026-05-29 23:28:21,True,/home/braudesdev/.config/Code/User/History/-316cbec9/8wUB.ts
/home/braudesdev/Documentos/practicasAngular/invitaciones-app/src/app/components/registro-anfitrion/registro-anfitrion.component.html,1,2026-07-12 23:24:38,False,/home/braudesdev/.config/Code/User/History/-130af9fd/ITkD.html
/home/braudesdev/Documentos/practicasAngular/invitaciones-app/src/app/components/registro-anfitrion/registro-anfitrion.component.ts,1,2026-05-29 23:17:17,True,/home/braudesdev/.config/Code/User/History/-1a203d29/60xe.ts
/home/braudesdev/Documentos/practicasAngular/invitaciones-app/src/app/components/validacion/validacion.component.html,1,2026-07-12 22:59:50,False,/home/braudesdev/.config/Code/User/History/-146b02bd/auVX.html
/home/braudesdev/Documentos/practicasAngular/invitaciones-app/src/app/guards/anfitrion.guard.ts,1,2026-05-25 09:59:20,True,/home/braudesdev/.config/Code/User/History/77946a8c/7k5u.ts
/home/braudesdev/Documentos/practicasAngular/invitaciones-app/src/app/guards/auth.guard.ts,1,2026-05-25 09:59:39,True,/home/braudesdev/.config/Code/User/History/-2e646be2/4Ngb.ts
/home/braudesdev/Documentos/practicasAngular/invitaciones-app/src/app/models/invitado.model.ts,1,2026-05-07 15:51:14,True,/home/braudesdev/.config/Code/User/History/14c95a6e/F639.ts
/home/braudesdev/Documentos/practicasAngular/invitaciones-app/src/app/pages/mi-boda/mi-boda.component.css,17,2026-07-03 01:44:49,False,/home/braudesdev/.config/Code/User/History/8e618cf/VH5F.css
/home/braudesdev/Documentos/practicasAngular/invitaciones-app/src/app/pages/mi-boda/mi-boda.component.html,7,2026-07-03 01:16:37,False,/home/braudesdev/.config/Code/User/History/13df4a5f/ShYu.html
/home/braudesdev/Documentos/practicasAngular/invitaciones-app/src/app/pages/mi-boda/mi-boda.component.ts,11,2026-07-03 01:15:40,False,/home/braudesdev/.config/Code/User/History/-7f891cd/Imvd.ts
/home/braudesdev/Documentos/practicasAngular/invitaciones-app/src/app/services/auth.service.ts,2,2026-05-29 23:20:01,True,/home/braudesdev/.config/Code/User/History/449e63e/daxi.ts
/home/braudesdev/Documentos/practicasAngular/invitaciones-app/src/app/services/invitaciones.service.ts,4,2026-06-04 22:28:36,False,/home/braudesdev/.config/Code/User/History/196e026e/oDCw.ts
/home/braudesdev/Documentos/practicasAngular/invitaciones-app/src/app/services/invitados.service.ts,4,2026-05-08 01:52:04,True,/home/braudesdev/.config/Code/User/History/1efee523/yOJZ.ts
/home/braudesdev/Documentos/practicasAngular/invitaciones-app/src/environments/environment.prod.ts,1,2026-06-03 22:45:12,False,/home/braudesdev/.config/Code/User/History/727037af/81rD.ts
/home/braudesdev/Documentos/practicasAngular/invitaciones-app/src/environments/environment.ts,2,2026-07-12 22:49:08,False,/home/braudesdev/.config/Code/User/History/82dbba6/B6Ai.ts
/home/braudesdev/Documentos/practicasAngular/invitaciones-app/src/main.ts,4,2026-07-13 00:07:26,False,/home/braudesdev/.config/Code/User/History/-2eab9a6f/Urrl.ts
/home/braudesdev/Documentos/practicasAngular/invitaciones-app/src/styles.css,15,2026-06-04 23:30:20,False,/home/braudesdev/.config/Code/User/History/1919371a/rFgf.css
/home/braudesdev/Documentos/practicasAngular/invitaciones-app/test-firebase.js,1,2026-06-03 22:45:58,True,/home/braudesdev/.config/Code/User/History/-45376d13/UAcc.js
/home/braudesdev/Documentos/practicasAngular/invitaciones-app/test-firebase.ts,1,2026-06-03 22:46:05,True,/home/braudesdev/.config/Code/User/History/-45376bdd/bvd9.ts
/home/braudesdev/Documentos/practicasAngular/invitaciones-app/tsconfig.app.json,1,2026-06-03 22:34:39,True,/home/braudesdev/.config/Code/User/History/-33cc98b6/q8fc.json
